{"initial_reset_timestamp": 1593023722.887867, "timestamps": [1593023730.6839921], "episode_lengths": [456], "episode_rewards": [-5.0], "episode_types": ["t"]}