{"initial_reset_timestamp": 1593016973.505038, "timestamps": [1593016983.8998451], "episode_lengths": [615], "episode_rewards": [-5.0], "episode_types": ["t"]}